File1,Length1 (seconds),File2,Length2 (seconds),Distance
jen.wav,6.185333333333333,nate.wav,3.732,0.9265921088014354
jen.wav,6.185333333333333,darren.wav,5.268,0.9074556746788386
jen.wav,6.185333333333333,darren2.wav,6.910666666666667,0.8706570398824393
nate.wav,3.732,darren.wav,5.268,0.7867862154655924
nate.wav,3.732,darren2.wav,6.910666666666667,0.8136559701748151
darren.wav,5.268,darren2.wav,6.910666666666667,0.5125781883174404
